"cores","time_sec"
2,0.932206153869629
3,0.835445165634155
4,0.906689882278442
5,0.967547178268433
6,1.01310515403748
7,1.0508508682251
8,1.12070393562317
